{
    "r2_test": 0.5506851278620168,
    "r2_train": 0.6027528404342598,
    "MAE": 0.8346104129824181
}
