{
    "r2_test": 0.7262611364730169,
    "r2_train": 0.7592863464255445
}
