{
    "r2_test": 0.7412077971712585,
    "r2_train": 0.7762702689396845,
    "MAE": 8142942911441.772
}
