{
    "r2_test": 0.6650712977956659,
    "r2_train": 0.7040250532704722,
    "MAE": 9593.803232584667
}
