{
    "r2_test": 0.3708706762943065,
    "r2_train": 0.7694346183254667
}
