{
    "r2_test": 0.37642494579602026,
    "r2_train": 0.7762702689396845,
    "MAE": 12636151241206.574
}
