{
    "r2_test": 0.365658690433287,
    "r2_train": 0.6338481428587575
}
