{
    "r2_test": 0.7411611767999011,
    "r2_train": 0.7759052563104906,
    "MAE": 8156470690011.494
}
