{
    "r2_test": 0.35357956861954765,
    "r2_train": 0.7558939764781941
}