{
    "r2_test": 0.6465036296950556,
    "r2_train": 0.8489198872532624
}